X_0,Y_0,Z_0,Time_list_0,Temperature_list,Speed_list
-4.98749,0.635681,9.72,0,0,0.000376027
-4.98749,0.635681,9.72016,0.0002,7311.49,
